{
  "Fc1ncc(Br)cn1": 1.1680416,
  "Fc1ccccn1": 0.085440784,
  "Fc1ccc2ccccc2n1": 0.8240512,
  "O=[N+]([O-])c1ccc(F)c2ccccc12": 3.1732726,
  "N#Cc1ccc(F)c(C(F)(F)F)c1": 0.2647554,
  "Cc1cnc(F)cc1I": 4.029187,
  "Fc1cc(Br)ccn1": 1.1967184,
  "N#Cc1ccc(F)cc1": 0.0968912,
  "Fc1ccc(C(F)(F)F)cn1": 0.32357444,
  "Fc1ncccc1I": 1.2933072,
  "Nc1nc(F)nc2[nH]cnc12": 5.05296,
  "Fc1ncc2[nH]ccc2n1": 5.210446,
  "O=[N+]([O-])c1ccc(F)c2cccnc12": 17.29341,
  "COc1ccnc(F)n1": 1.92159,
  "O=Cc1cccnc1F": 0.8256732,
  "N#Cc1ccc(F)nc1": 1.465224,
  "Cc1cnc(F)s1": 2.1789342,
  "Clc1nc2ccccc2[nH]1": 0.26854784,
  "O=C(O)c1ccc(F)cc1": 0.06725424,
  "C=CS(=O)(=O)F": 10.9117028,
  "C=CC=O": 1.401595,
  "C=CC(=O)O": 0.016574444,
  "C=CC(=O)OC": 0.011191648,
  "C=CS(N)(=O)=O": 18.641142,
  "O=S(=O)(F)c1cccc(Br)c1": 0.31556448,
  "Cc1ccc(S(=O)(=O)F)cc1N": 27.851712,
  "O=C(O)c1ccc(S(=O)(=O)F)cc1": 1.837593,
  "O=S(=O)(F)c1cccc(B(O)O)c1": 0.40797,
  "O=S(=O)(F)c1cccc(Br)n1": 43.20936,
  "O=S(=O)(F)c1ccc(Br)cc1": 0.22950144,
  "COc1ccc(S(=O)(=O)F)cc1": 0.20540952,
  "O=S(=O)(F)Cc1ccccc1": 0.661941,
  "O=S(=O)(F)N1CCOCC1": 1.1503968,
  "O=S(=O)(F)C1CC1": 0.819291,
  "CC(=O)c1ccc(S(=O)(=O)F)cc1": 6.06615,
  "CC(C)S(=O)(=O)F": 4.541436,
  "O=S(=O)(F)C1CCOCC1": 14.800456,
  "O=S(=O)(F)N1CCCCC1": 2.1401984,
  "O=S(=O)(F)c1cccc(F)c1": 0.33493704,
  "COc1cccc(C(C)=O)c1": 0.150176,
  "O=CC1CCCCC1": 0.14357888,
  "O=Cc1ccccc1": 0.001,
  "O=C1CCCNC1": 0.158612,
  "O=C1CCNCC1": 2.022303,
  "O=C1CCC1": 0.185039184,
  "O=Cc1cccc(Br)c1": 0.0610566,
  "O=Cc1ccccc1Br": 0.0610566,
  "CCC=O": 0.01161592,
  "NCCC[C@H](N)C(=O)O": 0.06343776,
  "C[C@H](N)C(=O)O": 0.019600592,
  "CC[C@H](C)[C@H](N)C(=O)O": 0.03148176,
  "CC(C)C[C@H](N)C(=O)O": 0.06296352,
  "CSCC[C@H](N)C(=O)O": 0.02536621,
  "CC(C)[C@H](N)C(=O)O": 0.02577234,
  "N[C@@H](Cc1ccccc1)C(=O)O": 0.0330382,
  "N[C@@H](Cc1ccc(O)cc1)C(=O)O": 0.1304568,
  "N[C@@H](Cc1c[nH]c2ccccc12)C(=O)O": 0.1225368,
  "N[C@@H](CS)C(=O)O": 0.0266552,
  "NC(=O)C[C@H](N)C(=O)O": 0.1056952,
  "NC(=O)CC[C@H](N)C(=O)O": 0.087687,
  "C[C@@H](O)[C@H](N)C(=O)O": 0.0714714,
  "N[C@@H](CO)C(=O)O": 0.07146324,
  "N[C@@H](CCC(=O)O)C(=O)O": 2.059806,
  "N[C@@H](CC(=O)O)C(=O)O": 0.01597236,
  "N[C@@H](Cc1c[nH]cn1)C(=O)O": 0.08068112,
  "NCCCC[C@H](N)C(=O)O": 0.04678048,
  "N=C(N)NCCC[C@H](N)C(=O)O": 0.1045218,
  "NCC(=O)O": 0.03753335,
  "O=C(O)[C@@H]1CCCN1": 0.02532882,
  "C[C@@H](N)C(=O)O": 0.060583648,
  "CC[C@H](C)[C@@H](N)C(=O)O": 0.918218,
  "CC(C)C[C@@H](N)C(=O)O": 0.15216184,
  "CSCC[C@@H](N)C(=O)O": 0.298426,
  "CC(C)[C@@H](N)C(=O)O": 0.06091644,
  "N[C@H](Cc1ccccc1)C(=O)O": 0.0991146,
  "N[C@H](Cc1ccc(O)cc1)C(=O)O": 4.638464,
  "N[C@H](Cc1c[nH]c2ccccc12)C(=O)O": 0.1633824,
  "N[C@H](CS)C(=O)O": 1.2116,
  "NC(=O)C[C@@H](N)C(=O)O": 0.396357,
  "NC(=O)CC[C@@H](N)C(=O)O": 1.023015,
  "C[C@@H](O)[C@@H](N)C(=O)O": 3.57357,
  "N[C@H](CO)C(=O)O": 0.10929672,
  "N[C@H](CCC(=O)O)C(=O)O": 2.29815498,
  "N[C@H](CC(=O)O)C(=O)O": 0.76134916,
  "N[C@H](Cc1c[nH]cn1)C(=O)O": 1.55156,
  "NCCCC[C@@H](N)C(=O)O": 16.08079,
  "N=C(N)NCCC[C@@H](N)C(=O)O": 29.61451,
  "O=C(O)[C@H]1CCCN1": 0.10131528,
  "O=C(O)[C@@H]1C[C@@H](O)CN1": 0.0629424,
  "NCCC(=O)O": 0.029400888,
  "N[C@@H](CC1CCCCC1)C(=O)O": 0.67125688,
  "N[C@@H](Cc1ccc([N+](=O)[O-])cc1)C(=O)O": 1.0089024,
  "N[C@@H](Cc1cccs1)C(=O)O": 3.5613552,
  "CC[C@H](N)C(=O)O": 0.0907456,
  "CC(C)(N)C(=O)O": 0.0701216,
  "Nc1ccccc1C(=O)O": 0.0617121,
  "O=C(O)[C@@H]1Cc2ccccc2CN1": 2.480828,
  "O=C(O)CBr": 0.020564304,
  "Nc1ccc(Br)cc1": 0.0605528,
  "NCCc1c[nH]c2ccccc12": 0.19867156,
  "C#CCN": 0.127784904,
  "CC(C)CN": 0.0084840428,
  "Nc1ccnc2ccccc12": 5.76708,
  "C[C@H](N)c1ccccc1": 0.04604916,
  "C[C@@H](N)c1ccccc1": 0.03877824,
  "C[C@H](O)CN": 0.20730498,
  "C[C@@H](O)CN": 1.3219448,
  "C=CCN": 0.15986768,
  "Nc1ccccn1": 0.0088469604,
  "NC1CCCCC1": 0.0037686956,
  "NCCc1ccc(S(N)(=O)=O)cc1": 0.19225056,
  "NCc1ccccc1": 0.042862,
  "COCCN": 0.13820332,
  "NCCCCN": 0.084627168,
  "NCCc1ccc(O)cc1": 0.137181,
  "NCCc1ccncc1": 3.6651,
  "NCCN1CCOCC1": 0.1718508,
  "NCCN1CCNCC1": 0.0775236,
  "C1CNCCN1": 0.0045652822,
  "NC1CC1": 0.015986768,
  "O=C=Nc1ccccc1": 0.10125455,
  "C=CCN=C=O": 2.9081395,
  "CCCCN=C=O": 4.956625,
  "C[C@@H](N=C=O)c1ccccc1": 7.3588,
  "O=C=NC1CCCC1": 4.223434,
  "O=C=Nc1cccc2ccccc12": 0.1015098,
  "O=C=NC1CCCCC1": 0.37551,
  "O=C=NCc1ccco1": 19.69776,
  "C[C@H](N=C=O)c1ccccc1": 8.83056,
  "O=C=Nc1cccc(C(F)(F)F)c1": 1.234992,
  "O=C=Nc1ccc(C(F)(F)F)cc1": 0.6137536,
  "O=C=Nc1ccc(Cl)c(Cl)c1": 0.4136286,
  "COc1ccc(N=C=O)cc1": 0.8054046,
  "O=C=Nc1ccc(Br)cc1": 0.8910855,
  "O=C=Nc1ccccc1F": 2.74226,
  "Cc1cccc(C)c1N=C=O": 5.15116,
  "S=C=NCCN1CCOCC1": 10.679562,
  "S=C=Nc1c(Cl)cccc1Cl": 0.734688,
  "S=C=Nc1ccccc1": 0.229823,
  "CN=C=S": 0.085548996,
  "S=C=NC1CC1": 0.5949402,
  "N#Cc1cccc(N=C=S)c1": 0.86508,
  "O=C(O)c1cccc(N=C=S)c1": 4.6233342,
  "N#Cc1ccc(N=C=S)cc1": 1.47384,
  "S=C=NCC1CCCCC1": 10.247424,
  "S=C=Nc1cccc(Cl)c1Cl": 0.8897888,
  "S=C=Nc1ccc(Cl)cc1Cl": 1.551008,
  "FC(F)(F)Oc1ccc(N=C=S)cc1": 3.3316272,
  "S=C=NCc1ccccc1": 0.6267114,
  "S=C=NC1CCCCC1": 0.423711,
  "Fc1cccc(CN=C=S)c1": 2.9762846,
  "FC(F)(F)c1cc(N=C=S)cc(C(F)(F)F)c1": 0.6508416,
  "Fc1ccc(N=C=S)cc1": 0.490176,
  "Fc1ccccc1N=C=S": 0.735264,
  "OB(O)c1cc[nH]n1": 1.902232,
  "OB(O)c1cccnc1": 0.4179246,
  "Cc1ccccc1B(O)O": 0.2991054,
  "Nc1ccccc1B(O)O": 9.449274,
  "Nc1cccc(B(O)O)c1": 1.0134004,
  "O=Cc1cccc(B(O)O)c1": 0.16193628,
  "OB(O)c1ccc(O)cc1": 0.2648256,
  "OB(O)c1cccc(O)c1": 0.248274,
  "Nc1ccc(B(O)O)cc1": 0.3012812,
  "OB(O)c1ccc(F)cc1": 0.12313048,
  "OB(O)c1cccc(F)c1": 0.1958894,
  "OB(O)c1ccccc1F": 0.1958894,
  "COc1cncc(B(O)O)c1": 7.64725,
  "O=C(O)c1cc(B(O)O)ccc1F": 0.882864,
  "OB(O)c1cccnc1F": 0.845454,
  "O=Cc1ccc(B(O)O)cc1": 0.19792212,
  "O=Cc1ccccc1B(O)O": 0.22791032,
  "O=C(O)c1cccc(B(O)O)c1": 0.232316,
  "OB(O)c1cccnc1Br": 1.816335,
  "CC1(C)OB(c2ccc(N)nc2)OC1(C)C": 8.583081,
  "N#Cc1ccccc1B(O)O": 5.87764,
  "N#Cc1ccc(B(O)O)s1": 3.05938,
  "Cc1cc(C)cc(B(O)O)c1": 0.24597376,
  "O=C(O)c1ccc(F)c(B(O)O)c1": 6.25362,
  "OB(O)c1cncc(F)c1": 0.9159085,
  "OB(O)c1cc(Br)cnc1F": 1.75844,
  "N#Cc1ccc(B(O)O)cn1": 13.165681,
  "N#Cc1cccc(B(O)O)c1": 0.293882,
  "OB(O)c1ccccc1Cl": 0.23143648,
  "OB(O)c1cccc(Cl)c1": 0.156376,
  "OB(O)c1cccc(F)c1F": 0.315822,
  "Cc1cccc(C)c1B(O)O": 0.74992,
  "Cc1cc(F)ccc1B(O)O": 1.077636,
  "Cc1cc(B(O)O)ccc1F": 0.4926336,
  "OB(O)c1ccc(S)cc1": 11.549775,
  "OB(O)c1cc(F)ccc1O": 6.2368,
  "OB(O)c1cc(O)cc(F)c1": 1.933408,
  "OB(O)c1ccc(Cl)cc1": 0.13761088,
  "OB(O)c1ccc2[nH]ccc2c1": 12.555504,
  "CC(=O)c1cccc(B(O)O)c1": 0.38696212,
  "N#Cc1ccc(B(O)O)cc1F": 4.123275,
  "N#Cc1cc(B(O)O)ccc1F": 2.638896,
  "Ic1c[nH]cn1": 0.5043246,
  "Cc1ncc(I)[nH]1": 5.19995,
  "Cc1c[nH]c(Br)n1": 13.041162,
  "Nc1cc(Br)n[nH]1": 9.7194,
  "Nc1n[nH]cc1Br": 1.45791,
  "O=Cc1cccnc1Br": 0.7068304,
  "O=C(O)c1cccnc1Br": 0.7676266,
  "Nc1ccc(F)nc1Br": 3.056048,
  "Nc1cccnc1Br": 2.076156,
  "Cc1ccnc(Br)c1N": 2.24448,
  "Nc1nc(Br)cs1": 14.144239,
  "O=Cc1nc(Br)cs1": 5.569044,
  "Brc1csc(Br)n1": 0.2915064,
  "Brc1cscn1": 1.968312,
  "FC(F)(F)c1cccnc1Br": 0.45199,
  "FC(F)(F)c1ccc(Br)nc1": 0.361592,
  "FC(F)(F)c1cncc(Br)c1": 0.180796,
  "COc1ccc(Br)cn1": 0.1504192,
  "COc1ncccc1Br": 0.8273056,
  "COc1ncc(Br)cc1C": 1.1314856,
  "Cc1cc(Br)cnc1F": 0.836066,
  "Cc1cc(Br)cnc1N": 0.2543744,
  "O=Cc1cncc(Br)c1": 1.0416448,
  "N#Cc1cncc(Br)c1": 1.647072,
  "Fc1cncc(Br)c1": 0.87994,
  "Oc1cncc(Br)c1": 0.6611886,
  "Oc1ccc(Br)cn1": 0.16703712,
  "Brc1cnc2cccnn12": 2.178253,
  "Brc1c[nH]cn1": 0.264555,
  "C#C": 0.03124548,
  "BrCc1ccccc1": 0.033865326,
  "ClCC1CC1": 0.333233568,
  "Fc1cccc(CCl)c1": 0.04048128,
  "Fc1ccccc1CCl": 0.10409472,
  "O=C(O)c1ccccc1CCl": 4.77666,
  "O=C(O)c1ccc(CCl)cc1": 0.3002472,
  "COc1ccc(CCl)cc1": 0.939666,
  "N#Cc1ccccc1CBr": 0.1568376,
  "N#Cc1ccc(CBr)cc1": 0.21173076,
  "N#Cc1cccc(CBr)c1": 3.92094,
  "Cc1cccc(CBr)c1C": 4.77816,
  "Cc1ccc(CBr)cc1F": 7.716052,
  "N#Cc1ccc(F)cc1CBr": 1.6694886,